,Unnamed: 0,Date,HomeTeam,AwayTeam,FTHG,FTAG,FTR,HomeTeam_p1Win,HomeTeam_p1Draw,HomeTeam_p1Lose,HomeTeam_p2Win,HomeTeam_p2Draw,HomeTeam_p2Lose,HomeTeam_p3Win,HomeTeam_p3Draw,HomeTeam_p3Lose,HomeTeam_p4Win,HomeTeam_p4Draw,HomeTeam_p4Lose,HomeTeam_p5Win,HomeTeam_p5Draw,HomeTeam_p5Lose,AwayTeam_p1Win,AwayTeam_p1Draw,AwayTeam_p1Lose,AwayTeam_p2Win,AwayTeam_p2Draw,AwayTeam_p2Lose,AwayTeam_p3Win,AwayTeam_p3Draw,AwayTeam_p3Lose,AwayTeam_p4Win,AwayTeam_p4Draw,AwayTeam_p4Lose,AwayTeam_p5Win,AwayTeam_p5Draw,AwayTeam_p5Lose
0,0,2017-08-11,Arsenal,Leicester City,4,3,H,,,,,,,,,,,,,,,,,,,,,,,,,,,,,,
1,1,2017-08-12,Brighton & Hove Albion,Manchester City,0,2,A,,,,,,,,,,,,,,,,,,,,,,,,,,,,,,
2,2,2017-08-12,Chelsea,Burnley,2,3,A,,,,,,,,,,,,,,,,,,,,,,,,,,,,,,
3,3,2017-08-12,Crystal Palace,Huddersfield Town,0,3,A,,,,,,,,,,,,,,,,,,,,,,,,,,,,,,
4,4,2017-08-12,Everton,Stoke City,1,0,H,,,,,,,,,,,,,,,,,,,,,,,,,,,,,,
5,5,2017-08-12,Southampton,Swansea City,0,0,D,,,,,,,,,,,,,,,,,,,,,,,,,,,,,,
6,6,2017-08-12,Watford,Liverpool,3,3,D,,,,,,,,,,,,,,,,,,,,,,,,,,,,,,
7,7,2017-08-12,West Bromwich Albion,Bournemouth,1,0,H,,,,,,,,,,,,,,,,,,,,,,,,,,,,,,
8,8,2017-08-13,Manchester United,West Ham United,4,0,H,,,,,,,,,,,,,,,,,,,,,,,,,,,,,,
9,9,2017-08-13,Newcastle United,Tottenham Hotspur,0,2,A,,,,,,,,,,,,,,,,,,,,,,,,,,,,,,
10,10,2017-08-19,Bournemouth,Watford,0,2,A,False,False,True,,,,,,,,,,,,,False,True,False,,,,,,,,,,,,
11,11,2017-08-19,Burnley,West Bromwich Albion,0,1,A,True,False,False,,,,,,,,,,,,,True,False,False,,,,,,,,,,,,
12,12,2017-08-19,Leicester City,Brighton & Hove Albion,2,0,H,False,False,True,,,,,,,,,,,,,False,False,True,,,,,,,,,,,,
13,13,2017-08-19,Liverpool,Crystal Palace,1,0,H,False,True,False,,,,,,,,,,,,,False,False,True,,,,,,,,,,,,
14,14,2017-08-19,Southampton,West Ham United,3,2,H,False,True,False,,,,,,,,,,,,,False,False,True,,,,,,,,,,,,
15,15,2017-08-19,Stoke City,Arsenal,1,0,H,False,False,True,,,,,,,,,,,,,True,False,False,,,,,,,,,,,,
16,16,2017-08-19,Swansea City,Manchester United,0,4,A,False,True,False,,,,,,,,,,,,,True,False,False,,,,,,,,,,,,
17,17,2017-08-20,Huddersfield Town,Newcastle United,1,0,H,True,False,False,,,,,,,,,,,,,False,False,True,,,,,,,,,,,,
18,18,2017-08-20,Tottenham Hotspur,Chelsea,1,2,A,True,False,False,,,,,,,,,,,,,False,False,True,,,,,,,,,,,,
19,19,2017-08-21,Manchester City,Everton,1,1,D,True,False,False,,,,,,,,,,,,,True,False,False,,,,,,,,,,,,
20,20,2017-08-26,Bournemouth,Manchester City,1,2,A,False,False,True,False,False,True,,,,,,,,,,False,True,False,True,False,False,,,,,,,,,
21,21,2017-08-26,Crystal Palace,Swansea City,0,2,A,False,False,True,False,False,True,,,,,,,,,,False,False,True,False,True,False,,,,,,,,,
22,22,2017-08-26,Huddersfield Town,Southampton,0,0,D,True,False,False,True,False,False,,,,,,,,,,True,False,False,False,True,False,,,,,,,,,
23,23,2017-08-26,Manchester United,Leicester City,2,0,H,True,False,False,True,False,False,,,,,,,,,,True,False,False,False,False,True,,,,,,,,,
24,24,2017-08-26,Newcastle United,West Ham United,3,0,H,False,False,True,False,False,True,,,,,,,,,,False,False,True,False,False,True,,,,,,,,,
25,25,2017-08-26,Watford,Brighton & Hove Albion,0,0,D,True,False,False,False,True,False,,,,,,,,,,False,False,True,False,False,True,,,,,,,,,
26,26,2017-08-27,Chelsea,Everton,2,0,H,True,False,False,False,False,True,,,,,,,,,,False,True,False,True,False,False,,,,,,,,,
27,27,2017-08-27,Liverpool,Arsenal,4,0,H,True,False,False,False,True,False,,,,,,,,,,False,False,True,True,False,False,,,,,,,,,
28,28,2017-08-27,Tottenham Hotspur,Burnley,1,1,D,False,False,True,True,False,False,,,,,,,,,,False,False,True,True,False,False,,,,,,,,,
29,29,2017-08-27,West Bromwich Albion,Stoke City,1,1,D,True,False,False,True,False,False,,,,,,,,,,True,False,False,False,False,True,,,,,,,,,
30,30,2017-09-09,Arsenal,Bournemouth,3,0,H,False,False,True,False,False,True,True,False,False,,,,,,,False,False,True,False,False,True,False,False,True,,,,,,
31,31,2017-09-09,Brighton & Hove Albion,West Bromwich Albion,3,1,H,False,True,False,False,False,True,False,False,True,,,,,,,False,True,False,True,False,False,True,False,False,,,,,,
32,32,2017-09-09,Everton,Tottenham Hotspur,0,3,A,False,False,True,False,True,False,True,False,False,,,,,,,False,True,False,False,False,True,True,False,False,,,,,,
33,33,2017-09-09,Leicester City,Chelsea,1,2,A,False,False,True,True,False,False,False,False,True,,,,,,,True,False,False,True,False,False,False,False,True,,,,,,
34,34,2017-09-09,Manchester City,Liverpool,5,0,H,True,False,False,False,True,False,True,False,False,,,,,,,True,False,False,True,False,False,False,True,False,,,,,,
35,35,2017-09-09,Southampton,Watford,0,2,A,False,True,False,True,False,False,False,True,False,,,,,,,False,True,False,True,False,False,False,True,False,,,,,,
36,36,2017-09-09,Stoke City,Manchester United,2,2,D,False,True,False,True,False,False,False,False,True,,,,,,,True,False,False,True,False,False,True,False,False,,,,,,
37,37,2017-09-10,Burnley,Crystal Palace,1,0,H,False,True,False,False,False,True,True,False,False,,,,,,,False,False,True,False,False,True,False,False,True,,,,,,
38,38,2017-09-10,Swansea City,Newcastle United,0,1,A,True,False,False,False,False,True,False,True,False,,,,,,,True,False,False,False,False,True,False,False,True,,,,,,
39,39,2017-09-11,West Ham United,Huddersfield Town,2,0,H,False,False,True,False,False,True,False,False,True,,,,,,,False,True,False,True,False,False,True,False,False,,,,,,
40,40,2017-09-15,Bournemouth,Brighton & Hove Albion,2,1,H,False,False,True,False,False,True,False,False,True,False,False,True,,,,True,False,False,False,True,False,False,False,True,False,False,True,,,
41,41,2017-09-16,Crystal Palace,Southampton,0,1,A,False,False,True,False,False,True,False,False,True,False,False,True,,,,False,False,True,False,True,False,True,False,False,False,True,False,,,
42,42,2017-09-16,Huddersfield Town,Leicester City,1,1,D,False,False,True,False,True,False,True,False,False,True,False,False,,,,False,False,True,False,False,True,True,False,False,False,False,True,,,
43,43,2017-09-16,Liverpool,Burnley,1,1,D,False,False,True,True,False,False,True,False,False,False,True,False,,,,True,False,False,False,True,False,False,False,True,True,False,False,,,
44,44,2017-09-16,Newcastle United,Stoke City,2,1,H,True,False,False,True,False,False,False,False,True,False,False,True,,,,False,True,False,False,True,False,True,False,False,False,False,True,,,
45,45,2017-09-16,Tottenham Hotspur,Swansea City,0,0,D,True,False,False,False,True,False,False,False,True,True,False,False,,,,False,False,True,True,False,False,False,False,True,False,True,False,,,
46,46,2017-09-16,Watford,Manchester City,0,6,A,True,False,False,False,True,False,True,False,False,False,True,False,,,,True,False,False,True,False,False,False,True,False,True,False,False,,,
47,47,2017-09-16,West Bromwich Albion,West Ham United,0,0,D,False,False,True,False,True,False,True,False,False,True,False,False,,,,True,False,False,False,False,True,False,False,True,False,False,True,,,
48,48,2017-09-17,Chelsea,Arsenal,0,0,D,True,False,False,True,False,False,True,False,False,False,False,True,,,,True,False,False,False,False,True,False,False,True,True,False,False,,,
49,49,2017-09-17,Manchester United,Everton,4,0,H,False,True,False,True,False,False,True,False,False,True,False,False,,,,False,False,True,False,False,True,False,True,False,True,False,False,,,
50,50,2017-09-23,Burnley,Huddersfield Town,0,0,D,False,True,False,True,False,False,False,True,False,False,False,True,True,False,False,False,True,False,False,False,True,False,True,False,True,False,False,True,False,False
51,51,2017-09-23,Everton,Bournemouth,2,1,H,False,False,True,False,False,True,False,False,True,False,True,False,True,False,False,True,False,False,False,False,True,False,False,True,False,False,True,False,False,True
52,52,2017-09-23,Leicester City,Liverpool,2,3,A,False,True,False,False,False,True,False,False,True,True,False,False,False,False,True,False,True,False,False,False,True,True,False,False,True,False,False,False,True,False
53,53,2017-09-23,Manchester City,Crystal Palace,5,0,H,True,False,False,True,False,False,True,False,False,False,True,False,True,False,False,False,False,True,False,False,True,False,False,True,False,False,True,False,False,True
54,54,2017-09-23,Southampton,Manchester United,0,1,A,True,False,False,False,False,True,False,True,False,True,False,False,False,True,False,True,False,False,False,True,False,True,False,False,True,False,False,True,False,False
55,55,2017-09-23,Stoke City,Chelsea,0,4,A,False,False,True,False,True,False,False,True,False,True,False,False,False,False,True,False,True,False,True,False,False,True,False,False,True,False,False,False,False,True
56,56,2017-09-23,Swansea City,Watford,1,2,A,False,True,False,False,False,True,True,False,False,False,False,True,False,True,False,False,False,True,True,False,False,False,True,False,True,False,False,False,True,False
57,57,2017-09-23,West Ham United,Tottenham Hotspur,2,3,A,False,True,False,True,False,False,False,False,True,False,False,True,False,False,True,False,True,False,True,False,False,False,True,False,False,False,True,True,False,False
58,58,2017-09-24,Brighton & Hove Albion,Newcastle United,1,0,H,False,False,True,True,False,False,False,True,False,False,False,True,False,False,True,True,False,False,True,False,False,True,False,False,False,False,True,False,False,True
59,59,2017-09-25,Arsenal,West Bromwich Albion,2,0,H,False,True,False,True,False,False,False,False,True,False,False,True,True,False,False,False,True,False,False,False,True,False,True,False,True,False,False,True,False,False
60,60,2017-09-30,Bournemouth,Leicester City,0,0,D,False,False,True,True,False,False,False,False,True,False,False,True,False,False,True,False,False,True,False,True,False,False,False,True,False,False,True,True,False,False
61,61,2017-09-30,Chelsea,Manchester City,0,1,A,True,False,False,False,True,False,True,False,False,True,False,False,True,False,False,True,False,False,True,False,False,True,False,False,True,False,False,False,True,False
62,62,2017-09-30,Huddersfield Town,Tottenham Hotspur,0,4,A,False,True,False,False,True,False,False,False,True,False,True,False,True,False,False,True,False,False,False,True,False,True,False,False,False,True,False,False,False,True
63,63,2017-09-30,Manchester United,Crystal Palace,4,0,H,True,False,False,True,False,False,False,True,False,True,False,False,True,False,False,False,False,True,False,False,True,False,False,True,False,False,True,False,False,True
64,64,2017-09-30,Stoke City,Southampton,2,1,H,False,False,True,False,False,True,False,True,False,False,True,False,True,False,False,False,False,True,True,False,False,False,False,True,False,True,False,True,False,False
65,65,2017-09-30,West Bromwich Albion,Watford,2,2,D,False,False,True,False,True,False,False,False,True,False,True,False,True,False,False,True,False,False,False,False,True,True,False,False,False,True,False,True,False,False
66,66,2017-09-30,West Ham United,Swansea City,1,0,H,False,False,True,False,True,False,True,False,False,False,False,True,False,False,True,False,False,True,False,True,False,False,False,True,True,False,False,False,False,True
67,67,2017-10-01,Arsenal,Brighton & Hove Albion,2,0,H,True,False,False,False,True,False,True,False,False,False,False,True,False,False,True,True,False,False,False,False,True,True,False,False,False,True,False,False,False,True
68,68,2017-10-01,Everton,Burnley,0,1,A,True,False,False,False,False,True,False,False,True,False,False,True,False,True,False,False,True,False,False,True,False,True,False,False,False,True,False,False,False,True
69,69,2017-10-01,Newcastle United,Liverpool,1,1,D,False,False,True,True,False,False,True,False,False,True,False,False,False,False,True,True,False,False,False,True,False,False,False,True,True,False,False,True,False,False
70,70,2017-10-14,Burnley,West Ham United,1,1,D,True,False,False,False,True,False,False,True,False,True,False,False,False,True,False,True,False,False,False,False,True,False,True,False,True,False,False,False,False,True
71,71,2017-10-14,Crystal Palace,Chelsea,2,1,H,False,False,True,False,False,True,False,False,True,False,False,True,False,False,True,False,False,True,True,False,False,False,True,False,True,False,False,True,False,False
72,72,2017-10-14,Liverpool,Manchester United,0,0,D,False,True,False,True,False,False,False,True,False,False,False,True,True,False,False,True,False,False,True,False,False,True,False,False,False,True,False,True,False,False
73,73,2017-10-14,Manchester City,Stoke City,7,2,H,True,False,False,True,False,False,True,False,False,True,False,False,True,False,False,True,False,False,False,False,True,False,False,True,False,True,False,False,True,False
74,74,2017-10-14,Swansea City,Huddersfield Town,2,0,H,False,False,True,False,False,True,False,True,False,False,False,True,True,False,False,False,False,True,False,True,False,False,True,False,False,False,True,False,True,False
75,75,2017-10-14,Tottenham Hotspur,Bournemouth,1,0,H,True,False,False,True,False,False,False,True,False,True,False,False,False,True,False,False,True,False,False,False,True,True,False,False,False,False,True,False,False,True
76,76,2017-10-14,Watford,Arsenal,2,1,H,False,True,False,True,False,False,False,False,True,True,False,False,False,True,False,True,False,False,True,False,False,False,True,False,True,False,False,False,False,True
77,77,2017-10-15,Brighton & Hove Albion,Everton,1,1,D,False,False,True,True,False,False,False,False,True,True,False,False,False,True,False,False,False,True,True,False,False,False,False,True,False,False,True,False,False,True
78,78,2017-10-15,Southampton,Newcastle United,2,2,D,False,False,True,False,False,True,True,False,False,False,False,True,False,True,False,False,True,False,False,False,True,True,False,False,True,False,False,True,False,False
79,79,2017-10-16,Leicester City,West Bromwich Albion,1,1,D,False,True,False,False,False,True,False,True,False,False,False,True,False,False,True,False,True,False,False,False,True,False,True,False,False,False,True,False,True,False
80,80,2017-10-20,West Ham United,Brighton & Hove Albion,0,3,A,False,True,False,True,False,False,False,False,True,False,True,False,True,False,False,False,True,False,False,False,True,True,False,False,False,False,True,True,False,False
81,81,2017-10-21,Chelsea,Watford,4,2,H,False,False,True,False,False,True,True,False,False,False,True,False,True,False,False,True,False,False,False,True,False,True,False,False,False,False,True,True,False,False
82,82,2017-10-21,Huddersfield Town,Manchester United,2,1,H,False,False,True,False,False,True,False,True,False,False,True,False,False,False,True,False,True,False,True,False,False,True,False,False,True,False,False,False,True,False
83,83,2017-10-21,Manchester City,Burnley,3,0,H,True,False,False,True,False,False,True,False,False,True,False,False,True,False,False,False,True,False,True,False,False,False,True,False,False,True,False,True,False,False
84,84,2017-10-21,Newcastle United,Crystal Palace,1,0,H,False,True,False,False,True,False,False,False,True,True,False,False,True,False,False,True,False,False,False,False,True,False,False,True,False,False,True,False,False,True
85,85,2017-10-21,Southampton,West Bromwich Albion,1,0,H,False,True,False,False,False,True,False,False,True,True,False,False,False,False,True,False,True,False,False,True,False,False,False,True,False,True,False,False,False,True
86,86,2017-10-21,Stoke City,Bournemouth,1,2,A,False,False,True,True,False,False,False,False,True,False,False,True,False,True,False,False,False,True,False,True,False,False,False,True,True,False,False,False,False,True
87,87,2017-10-21,Swansea City,Leicester City,1,2,A,True,False,False,False,False,True,False,False,True,False,True,False,False,False,True,False,True,False,False,True,False,False,False,True,False,True,False,False,False,True
88,88,2017-10-22,Everton,Arsenal,2,5,A,False,True,False,False,False,True,True,False,False,False,False,True,False,False,True,False,False,True,True,False,False,True,False,False,False,True,False,True,False,False
89,89,2017-10-22,Tottenham Hotspur,Liverpool,4,1,H,True,False,False,True,False,False,True,False,False,False,True,False,True,False,False,False,True,False,False,True,False,True,False,False,False,True,False,False,False,True
90,90,2017-10-28,Arsenal,Swansea City,2,1,H,True,False,False,False,False,True,True,False,False,True,False,False,False,True,False,False,False,True,True,False,False,False,False,True,False,False,True,False,True,False
91,91,2017-10-28,Bournemouth,Chelsea,0,1,A,True,False,False,False,False,True,False,True,False,False,False,True,True,False,False,True,False,False,False,False,True,False,False,True,True,False,False,False,True,False
92,92,2017-10-28,Crystal Palace,West Ham United,2,2,D,False,False,True,True,False,False,False,False,True,False,False,True,False,False,True,False,False,True,False,True,False,True,False,False,False,False,True,False,True,False
93,93,2017-10-28,Liverpool,Huddersfield Town,3,0,H,False,False,True,False,True,False,False,True,False,True,False,False,False,True,False,True,False,False,False,False,True,False,False,True,False,True,False,False,True,False
94,94,2017-10-28,Manchester United,Tottenham Hotspur,1,0,H,False,False,True,False,True,False,True,False,False,True,False,False,True,False,False,True,False,False,True,False,False,True,False,False,True,False,False,False,True,False
95,95,2017-10-28,Watford,Stoke City,0,1,A,False,False,True,True,False,False,False,True,False,True,False,False,False,False,True,False,False,True,False,False,True,True,False,False,False,False,True,False,False,True
96,96,2017-10-28,West Bromwich Albion,Manchester City,2,3,A,False,False,True,False,True,False,False,True,False,False,False,True,False,True,False,True,False,False,True,False,False,True,False,False,True,False,False,True,False,False
97,97,2017-10-29,Brighton & Hove Albion,Southampton,1,1,D,True,False,False,False,True,False,False,False,True,True,False,False,False,False,True,True,False,False,False,True,False,False,False,True,False,False,True,True,False,False
98,98,2017-10-29,Leicester City,Everton,2,0,H,True,False,False,False,True,False,False,True,False,False,False,True,False,True,False,False,False,True,False,True,False,False,False,True,True,False,False,False,False,True
99,99,2017-10-30,Burnley,Newcastle United,1,0,H,False,False,True,False,True,False,True,False,False,False,True,False,False,True,False,True,False,False,False,True,False,False,True,False,False,False,True,True,False,False
100,100,2017-11-04,Huddersfield Town,West Bromwich Albion,1,0,H,False,False,True,True,False,False,False,False,True,False,False,True,False,True,False,False,False,True,False,False,True,False,True,False,False,True,False,False,False,True
101,101,2017-11-04,Newcastle United,Bournemouth,0,1,A,False,False,True,True,False,False,False,True,False,False,True,False,False,False,True,False,False,True,True,False,False,False,False,True,False,True,False,False,False,True
102,102,2017-11-04,Southampton,Burnley,0,1,A,False,True,False,True,False,False,False,True,False,False,False,True,False,False,True,True,False,False,False,False,True,False,True,False,True,False,False,False,True,False
103,103,2017-11-04,Stoke City,Leicester City,2,2,D,True,False,False,False,False,True,False,False,True,True,False,False,False,False,True,True,False,False,True,False,False,False,True,False,False,True,False,False,False,True
104,104,2017-11-04,Swansea City,Brighton & Hove Albion,0,1,A,False,False,True,False,False,True,True,False,False,False,False,True,False,False,True,False,True,False,True,False,False,False,True,False,False,False,True,True,False,False
105,105,2017-11-04,West Ham United,Liverpool,1,4,A,False,True,False,False,False,True,False,True,False,True,False,False,False,False,True,True,False,False,False,False,True,False,True,False,False,True,False,True,False,False
106,106,2017-11-05,Chelsea,Manchester United,1,0,H,True,False,False,True,False,False,False,False,True,False,False,True,True,False,False,True,False,False,False,False,True,False,True,False,True,False,False,True,False,False
107,107,2017-11-05,Everton,Watford,3,2,H,False,False,True,False,False,True,False,True,False,False,False,True,True,False,False,False,False,True,False,False,True,True,False,False,False,True,False,True,False,False
108,108,2017-11-05,Manchester City,Arsenal,3,1,H,True,False,False,True,False,False,True,False,False,True,False,False,True,False,False,True,False,False,True,False,False,False,False,True,True,False,False,True,False,False
109,109,2017-11-05,Tottenham Hotspur,Crystal Palace,1,0,H,False,False,True,True,False,False,True,False,False,True,False,False,True,False,False,False,True,False,False,False,True,True,False,False,False,False,True,False,False,True
110,110,2017-11-18,Arsenal,Tottenham Hotspur,2,0,H,False,False,True,True,False,False,True,False,False,False,False,True,True,False,False,True,False,False,False,False,True,True,False,False,True,False,False,True,False,False
111,111,2017-11-18,Bournemouth,Huddersfield Town,4,0,H,True,False,False,False,False,True,True,False,False,False,False,True,False,True,False,True,False,False,False,False,True,True,False,False,False,False,True,False,False,True
112,112,2017-11-18,Burnley,Swansea City,2,0,H,True,False,False,True,False,False,False,False,True,False,True,False,True,False,False,False,False,True,False,False,True,False,False,True,True,False,False,False,False,True
113,113,2017-11-18,Crystal Palace,Everton,2,2,D,False,False,True,False,True,False,False,False,True,True,False,False,False,False,True,True,False,False,False,False,True,False,False,True,False,True,False,False,False,True
114,114,2017-11-18,Leicester City,Manchester City,0,2,A,False,True,False,True,False,False,True,False,False,False,True,False,False,True,False,True,False,False,True,False,False,True,False,False,True,False,False,True,False,False
115,115,2017-11-18,Liverpool,Southampton,3,0,H,True,False,False,True,False,False,False,False,True,False,True,False,False,True,False,False,False,True,False,True,False,True,False,False,False,True,False,False,False,True
116,116,2017-11-18,Manchester United,Newcastle United,4,1,H,False,False,True,True,False,False,False,False,True,False,True,False,True,False,False,False,False,True,False,False,True,True,False,False,False,True,False,False,True,False
117,117,2017-11-18,West Bromwich Albion,Chelsea,0,4,A,False,False,True,False,False,True,False,False,True,False,True,False,False,True,False,True,False,False,True,False,False,True,False,False,False,False,True,False,False,True
118,118,2017-11-19,Watford,West Ham United,2,0,H,False,False,True,False,False,True,False,False,True,True,False,False,False,True,False,False,False,True,False,True,False,False,False,True,False,True,False,True,False,False
119,119,2017-11-20,Brighton & Hove Albion,Stoke City,2,2,D,True,False,False,False,True,False,True,False,False,False,True,False,False,False,True,False,True,False,True,False,False,False,False,True,False,False,True,True,False,False
120,120,2017-11-24,West Ham United,Leicester City,1,1,D,False,False,True,False,False,True,False,True,False,False,False,True,False,True,False,False,False,True,False,True,False,True,False,False,True,False,False,False,True,False
121,121,2017-11-25,Crystal Palace,Stoke City,2,1,H,False,True,False,False,False,True,False,True,False,False,False,True,True,False,False,False,True,False,False,True,False,True,False,False,False,False,True,False,False,True
122,122,2017-11-25,Liverpool,Chelsea,1,1,D,True,False,False,True,False,False,True,False,False,False,False,True,False,True,False,True,False,False,True,False,False,True,False,False,True,False,False,False,False,True
123,123,2017-11-25,Manchester United,Brighton & Hove Albion,1,0,H,True,False,False,False,False,True,True,False,False,False,False,True,False,True,False,False,True,False,True,False,False,False,True,False,True,False,False,False,True,False
124,124,2017-11-25,Newcastle United,Watford,0,3,A,False,False,True,False,False,True,False,False,True,True,False,False,False,True,False,True,False,False,False,False,True,False,False,True,False,False,True,True,False,False
125,125,2017-11-25,Swansea City,Bournemouth,0,0,D,False,False,True,False,False,True,False,False,True,False,False,True,True,False,False,True,False,False,True,False,False,False,False,True,True,False,False,False,False,True
126,126,2017-11-25,Tottenham Hotspur,West Bromwich Albion,1,1,D,False,False,True,True,False,False,False,False,True,True,False,False,True,False,False,False,False,True,False,False,True,False,False,True,False,False,True,False,True,False
127,127,2017-11-26,Burnley,Arsenal,0,1,A,True,False,False,True,False,False,True,False,False,False,False,True,False,True,False,True,False,False,False,False,True,True,False,False,True,False,False,False,False,True
128,128,2017-11-26,Huddersfield Town,Manchester City,1,2,A,False,False,True,True,False,False,False,False,True,True,False,False,False,False,True,True,False,False,True,False,False,True,False,False,True,False,False,True,False,False
129,129,2017-11-26,Southampton,Everton,4,1,H,False,False,True,False,False,True,False,True,False,True,False,False,False,True,False,False,True,False,True,False,False,False,False,True,False,False,True,False,True,False
130,130,2017-11-28,Brighton & Hove Albion,Crystal Palace,0,0,D,False,False,True,False,True,False,True,False,False,False,True,False,True,False,False,True,False,False,False,True,False,False,False,True,False,True,False,False,False,True
131,131,2017-11-28,Leicester City,Tottenham Hotspur,2,1,H,False,True,False,False,False,True,False,True,False,True,False,False,True,False,False,False,True,False,False,False,True,True,False,False,False,False,True,True,False,False
132,132,2017-11-28,Watford,Manchester United,2,4,A,True,False,False,True,False,False,False,False,True,False,False,True,False,False,True,True,False,False,True,False,False,False,False,True,True,False,False,False,False,True
133,133,2017-11-28,West Bromwich Albion,Newcastle United,2,2,D,False,True,False,False,False,True,False,False,True,False,False,True,False,False,True,False,False,True,False,False,True,False,False,True,False,False,True,True,False,False
134,134,2017-11-29,Arsenal,Huddersfield Town,5,0,H,True,False,False,True,False,False,False,False,True,True,False,False,True,False,False,False,False,True,False,False,True,True,False,False,False,False,True,True,False,False
135,135,2017-11-29,Bournemouth,Burnley,1,2,A,False,True,False,True,False,False,True,False,False,False,False,True,True,False,False,False,False,True,True,False,False,True,False,False,True,False,False,False,False,True
136,136,2017-11-29,Chelsea,Swansea City,1,0,H,False,True,False,True,False,False,True,False,False,True,False,False,True,False,False,False,True,False,False,False,True,False,False,True,False,False,True,False,False,True
137,137,2017-11-29,Everton,West Ham United,4,0,H,False,False,True,False,True,False,True,False,False,False,False,True,False,False,True,False,True,False,False,False,True,False,False,True,False,True,False,False,False,True
138,138,2017-11-29,Manchester City,Southampton,2,1,H,True,False,False,True,False,False,True,False,False,True,False,False,True,False,False,True,False,False,False,False,True,False,False,True,False,True,False,True,False,False
139,139,2017-11-29,Stoke City,Liverpool,0,3,A,False,False,True,False,True,False,False,True,False,True,False,False,False,False,True,False,True,False,True,False,False,True,False,False,True,False,False,False,False,True
140,140,2017-12-02,Arsenal,Manchester United,1,3,A,True,False,False,True,False,False,True,False,False,False,False,True,True,False,False,True,False,False,True,False,False,True,False,False,False,False,True,True,False,False
141,141,2017-12-02,Brighton & Hove Albion,Liverpool,1,5,A,False,True,False,False,False,True,False,True,False,True,False,False,False,True,False,True,False,False,False,True,False,True,False,False,True,False,False,True,False,False
142,142,2017-12-02,Chelsea,Newcastle United,3,1,H,True,False,False,False,True,False,True,False,False,True,False,False,True,False,False,False,True,False,False,False,True,False,False,True,False,False,True,False,False,True
143,143,2017-12-02,Everton,Huddersfield Town,2,0,H,True,False,False,False,False,True,False,True,False,True,False,False,False,False,True,False,False,True,False,False,True,False,False,True,True,False,False,False,False,True
144,144,2017-12-02,Leicester City,Burnley,1,0,H,True,False,False,False,True,False,False,False,True,False,True,False,True,False,False,True,False,False,False,False,True,True,False,False,True,False,False,True,False,False
145,145,2017-12-02,Stoke City,Swansea City,2,1,H,False,False,True,False,False,True,False,True,False,False,True,False,True,False,False,False,False,True,False,True,False,False,False,True,False,False,True,False,False,True
146,146,2017-12-02,Watford,Tottenham Hotspur,1,1,D,False,False,True,True,False,False,True,False,False,False,False,True,False,False,True,False,False,True,False,True,False,False,False,True,True,False,False,False,False,True
147,147,2017-12-02,West Bromwich Albion,Crystal Palace,0,0,D,False,True,False,False,True,False,False,False,True,False,False,True,False,False,True,False,True,False,True,False,False,False,True,False,False,False,True,False,True,False
148,148,2017-12-03,Bournemouth,Southampton,1,1,D,False,False,True,False,True,False,True,False,False,True,False,False,False,False,True,False,False,True,True,False,False,False,False,True,False,False,True,False,True,False
149,149,2017-12-03,Manchester City,West Ham United,2,1,H,True,False,False,True,False,False,True,False,False,True,False,False,True,False,False,False,False,True,False,True,False,False,False,True,False,False,True,False,True,False
150,150,2017-12-09,Burnley,Watford,1,0,H,False,False,True,True,False,False,False,False,True,True,False,False,True,False,False,False,True,False,False,False,True,True,False,False,True,False,False,False,False,True
151,151,2017-12-09,Crystal Palace,Bournemouth,2,2,D,False,True,False,False,True,False,True,False,False,False,True,False,False,False,True,False,True,False,False,False,True,False,True,False,True,False,False,True,False,False
152,152,2017-12-09,Huddersfield Town,Brighton & Hove Albion,2,0,H,False,False,True,False,False,True,False,False,True,False,False,True,True,False,False,False,False,True,False,True,False,False,False,True,False,True,False,True,False,False
153,153,2017-12-09,Newcastle United,Leicester City,2,3,A,False,False,True,False,True,False,False,False,True,False,False,True,False,False,True,True,False,False,True,False,False,False,True,False,False,False,True,False,True,False
154,154,2017-12-09,Swansea City,West Bromwich Albion,1,0,H,False,False,True,False,False,True,False,True,False,False,False,True,False,False,True,False,True,False,False,True,False,False,True,False,False,False,True,False,False,True
155,155,2017-12-09,Tottenham Hotspur,Stoke City,5,1,H,False,True,False,False,False,True,False,True,False,False,False,True,True,False,False,True,False,False,False,False,True,False,False,True,False,True,False,False,True,False
156,156,2017-12-09,West Ham United,Chelsea,1,0,H,False,False,True,False,False,True,False,True,False,False,False,True,False,False,True,True,False,False,True,False,False,False,True,False,True,False,False,True,False,False
157,157,2017-12-10,Liverpool,Everton,1,1,D,True,False,False,True,False,False,False,True,False,True,False,False,True,False,False,True,False,False,True,False,False,False,False,True,False,True,False,True,False,False
158,158,2017-12-10,Manchester United,Manchester City,1,2,A,True,False,False,True,False,False,True,False,False,True,False,False,False,False,True,True,False,False,True,False,False,True,False,False,True,False,False,True,False,False
159,159,2017-12-10,Southampton,Arsenal,1,1,D,False,True,False,False,False,True,True,False,False,False,False,True,False,False,True,False,False,True,True,False,False,True,False,False,True,False,False,False,False,True
160,160,2017-12-12,Burnley,Stoke City,1,0,H,True,False,False,False,False,True,True,False,False,False,False,True,True,False,False,False,False,True,True,False,False,False,False,True,False,False,True,False,True,False
161,161,2017-12-12,Crystal Palace,Watford,2,1,H,False,True,False,False,True,False,False,True,False,True,False,False,False,True,False,False,False,True,False,True,False,False,False,True,True,False,False,True,False,False
162,162,2017-12-12,Huddersfield Town,Chelsea,1,3,A,True,False,False,False,False,True,False,False,True,False,False,True,False,False,True,False,False,True,True,False,False,True,False,False,False,True,False,True,False,False
163,163,2017-12-13,Liverpool,West Bromwich Albion,0,0,D,False,True,False,True,False,False,True,False,False,False,True,False,True,False,False,False,False,True,False,True,False,False,True,False,False,True,False,False,False,True
164,164,2017-12-13,Manchester United,Bournemouth,1,0,H,False,False,True,True,False,False,True,False,False,True,False,False,True,False,False,False,True,False,False,True,False,False,False,True,False,True,False,True,False,False
165,165,2017-12-13,Newcastle United,Everton,0,1,A,False,False,True,False,False,True,False,True,False,False,False,True,False,False,True,False,True,False,True,False,False,True,False,False,False,False,True,False,True,False
166,166,2017-12-13,Southampton,Leicester City,1,4,A,False,True,False,False,True,False,False,False,True,True,False,False,False,False,True,True,False,False,True,False,False,True,False,False,False,True,False,False,False,True
167,167,2017-12-13,Swansea City,Manchester City,0,4,A,True,False,False,False,False,True,False,False,True,False,True,False,False,False,True,True,False,False,True,False,False,True,False,False,True,False,False,True,False,False
168,168,2017-12-13,Tottenham Hotspur,Brighton & Hove Albion,2,0,H,True,False,False,False,True,False,False,False,True,False,True,False,False,False,True,False,False,True,False,False,True,False,True,False,False,False,True,False,True,False
169,169,2017-12-13,West Ham United,Arsenal,0,0,D,True,False,False,False,False,True,False,False,True,False,True,False,False,False,True,False,True,False,False,False,True,True,False,False,True,False,False,True,False,False
170,170,2017-12-16,Arsenal,Newcastle United,1,0,H,False,True,False,False,True,False,False,False,True,True,False,False,True,False,False,False,False,True,False,False,True,False,False,True,False,True,False,False,False,True
171,171,2017-12-16,Brighton & Hove Albion,Burnley,0,0,D,False,False,True,False,False,True,False,False,True,False,True,False,False,False,True,True,False,False,True,False,False,False,False,True,True,False,False,False,False,True
172,172,2017-12-16,Chelsea,Southampton,1,0,H,True,False,False,False,False,True,True,False,False,True,False,False,False,True,False,False,False,True,False,True,False,False,True,False,False,False,True,True,False,False
173,173,2017-12-16,Leicester City,Crystal Palace,0,3,A,True,False,False,True,False,False,True,False,False,True,False,False,False,True,False,True,False,False,False,True,False,False,True,False,False,True,False,True,False,False
174,174,2017-12-16,Manchester City,Tottenham Hotspur,4,1,H,True,False,False,True,False,False,True,False,False,True,False,False,True,False,False,True,False,False,True,False,False,False,True,False,False,False,True,False,True,False
175,175,2017-12-16,Stoke City,West Ham United,0,3,A,False,False,True,False,False,True,True,False,False,False,False,True,False,False,True,False,True,False,True,False,False,False,False,True,False,False,True,False,True,False
176,176,2017-12-16,Watford,Huddersfield Town,1,4,A,False,False,True,False,False,True,False,True,False,False,False,True,True,False,False,False,False,True,True,False,False,False,False,True,False,False,True,False,False,True
177,177,2017-12-17,Bournemouth,Liverpool,0,4,A,False,False,True,False,True,False,False,True,False,False,False,True,False,True,False,False,True,False,False,True,False,True,False,False,True,False,False,False,True,False
178,178,2017-12-17,West Bromwich Albion,Manchester United,1,2,A,False,True,False,False,False,True,False,True,False,False,True,False,False,True,False,True,False,False,False,False,True,True,False,False,True,False,False,True,False,False
179,179,2017-12-18,Everton,Swansea City,3,1,H,True,False,False,False,True,False,True,False,False,True,False,False,False,False,True,False,False,True,True,False,False,False,False,True,False,False,True,False,True,False
180,180,2017-12-22,Arsenal,Liverpool,3,3,D,True,False,False,False,True,False,False,True,False,False,False,True,True,False,False,True,False,False,False,True,False,False,True,False,True,False,False,True,False,False
181,181,2017-12-23,Brighton & Hove Albion,Watford,1,0,H,False,True,False,False,False,True,False,False,True,False,False,True,False,True,False,False,False,True,False,False,True,False,False,True,False,True,False,False,False,True
182,182,2017-12-23,Burnley,Tottenham Hotspur,0,3,A,False,True,False,True,False,False,True,False,False,False,False,True,True,False,False,False,False,True,True,False,False,True,False,False,False,True,False,False,False,True
183,183,2017-12-23,Everton,Chelsea,0,0,D,True,False,False,True,False,False,False,True,False,True,False,False,True,False,False,True,False,False,True,False,False,False,False,True,True,False,False,True,False,False
184,184,2017-12-23,Leicester City,Manchester United,2,2,D,False,False,True,True,False,False,True,False,False,True,False,False,True,False,False,True,False,False,True,False,False,False,False,True,True,False,False,True,False,False
185,185,2017-12-23,Manchester City,Bournemouth,4,0,H,True,False,False,True,False,False,True,False,False,True,False,False,True,False,False,False,False,True,False,False,True,False,True,False,False,True,False,False,False,True
186,186,2017-12-23,Southampton,Huddersfield Town,1,1,D,False,False,True,False,False,True,False,True,False,False,True,False,False,False,True,True,False,False,False,False,True,True,False,False,False,False,True,False,False,True
187,187,2017-12-23,Stoke City,West Bromwich Albion,3,1,H,False,False,True,False,False,True,False,False,True,True,False,False,False,False,True,False,False,True,False,True,False,False,False,True,False,True,False,False,True,False
188,188,2017-12-23,Swansea City,Crystal Palace,1,1,D,False,False,True,False,False,True,True,False,False,False,False,True,False,False,True,True,False,False,True,False,False,False,True,False,False,True,False,False,True,False
189,189,2017-12-23,West Ham United,Newcastle United,2,3,A,True,False,False,False,True,False,True,False,False,False,False,True,False,False,True,False,False,True,False,False,True,False,False,True,False,False,True,False,True,False
190,190,2017-12-26,Bournemouth,West Ham United,3,3,D,False,False,True,False,False,True,False,False,True,False,True,False,False,True,False,False,False,True,True,False,False,False,True,False,True,False,False,False,False,True
191,191,2017-12-26,Chelsea,Brighton & Hove Albion,2,0,H,False,True,False,True,False,False,True,False,False,False,False,True,True,False,False,True,False,False,False,True,False,False,False,True,False,False,True,False,False,True
192,192,2017-12-26,Huddersfield Town,Stoke City,1,1,D,False,True,False,True,False,False,False,False,True,True,False,False,False,False,True,True,False,False,False,False,True,False,False,True,False,False,True,True,False,False
193,193,2017-12-26,Liverpool,Swansea City,5,0,H,False,True,False,True,False,False,False,True,False,False,True,False,True,False,False,False,True,False,False,False,True,False,False,True,True,False,False,False,False,True
194,194,2017-12-26,Manchester United,Burnley,2,2,D,False,True,False,True,False,False,True,False,False,False,False,True,True,False,False,False,False,True,False,True,False,True,False,False,True,False,False,False,False,True
195,195,2017-12-26,Tottenham Hotspur,Southampton,5,2,H,True,False,False,False,False,True,True,False,False,True,False,False,False,True,False,False,True,False,False,False,True,False,False,True,False,True,False,False,True,False
196,196,2017-12-26,Watford,Leicester City,2,1,H,False,False,True,False,False,True,False,False,True,False,False,True,False,True,False,False,True,False,False,False,True,True,False,False,True,False,False,True,False,False
197,197,2017-12-26,West Bromwich Albion,Everton,0,0,D,False,False,True,False,False,True,False,True,False,False,False,True,False,True,False,False,True,False,True,False,False,True,False,False,False,True,False,True,False,False
198,198,2017-12-27,Newcastle United,Manchester City,0,1,A,True,False,False,False,False,True,False,False,True,False,False,True,False,False,True,True,False,False,True,False,False,True,False,False,True,False,False,True,False,False
199,199,2017-12-28,Crystal Palace,Arsenal,2,3,A,False,True,False,True,False,False,True,False,False,False,True,False,False,True,False,False,True,False,True,False,False,False,True,False,False,True,False,False,False,True
200,200,2017-12-30,Bournemouth,Everton,2,1,H,False,True,False,False,False,True,False,False,True,False,False,True,False,True,False,False,True,False,False,True,False,True,False,False,True,False,False,False,True,False
201,201,2017-12-30,Chelsea,Stoke City,5,0,H,True,False,False,False,True,False,True,False,False,True,False,False,False,False,True,False,True,False,True,False,False,False,False,True,False,False,True,False,False,True
202,202,2017-12-30,Huddersfield Town,Burnley,0,0,D,False,True,False,False,True,False,True,False,False,False,False,True,True,False,False,False,True,False,False,False,True,False,True,False,True,False,False,True,False,False
203,203,2017-12-30,Liverpool,Leicester City,2,1,H,True,False,False,False,True,False,True,False,False,False,True,False,False,True,False,False,False,True,False,True,False,False,False,True,True,False,False,True,False,False
204,204,2017-12-30,Manchester United,Southampton,0,0,D,False,True,False,False,True,False,True,False,False,True,False,False,False,False,True,False,False,True,False,True,False,False,False,True,False,False,True,False,True,False
205,205,2017-12-30,Newcastle United,Brighton & Hove Albion,0,0,D,False,False,True,True,False,False,False,False,True,False,False,True,False,False,True,False,False,True,True,False,False,False,True,False,False,False,True,False,False,True
206,206,2017-12-30,Watford,Swansea City,1,2,A,True,False,False,False,False,True,False,False,True,False,False,True,False,False,True,False,False,True,False,True,False,False,False,True,False,False,True,True,False,False
207,207,2017-12-31,Crystal Palace,Manchester City,0,0,D,False,False,True,False,True,False,True,False,False,True,False,False,False,True,False,True,False,False,True,False,False,True,False,False,True,False,False,True,False,False
208,208,2017-12-31,West Bromwich Albion,Arsenal,1,1,D,False,True,False,False,False,True,False,False,True,False,True,False,False,False,True,True,False,False,False,True,False,True,False,False,False,True,False,False,True,False
209,209,2018-01-01,Brighton & Hove Albion,Bournemouth,2,2,D,False,True,False,False,False,True,True,False,False,False,True,False,False,False,True,True,False,False,False,True,False,False,False,True,False,False,True,False,False,True
210,210,2018-01-01,Burnley,Liverpool,1,2,A,False,True,False,False,True,False,False,False,True,False,True,False,True,False,False,True,False,False,True,False,False,False,True,False,True,False,False,False,True,False
211,211,2018-01-01,Everton,Manchester United,0,2,A,False,False,True,False,True,False,False,True,False,True,False,False,True,False,False,False,True,False,False,True,False,False,True,False,True,False,False,True,False,False
212,212,2018-01-01,Leicester City,Huddersfield Town,3,0,H,False,False,True,False,False,True,False,True,False,False,False,True,True,False,False,False,True,False,False,True,False,False,True,False,True,False,False,False,False,True
213,213,2018-01-01,Stoke City,Newcastle United,0,1,A,False,False,True,False,True,False,True,False,False,False,False,True,False,False,True,False,True,False,False,False,True,True,False,False,False,False,True,False,False,True
214,214,2018-01-02,Manchester City,Watford,3,1,H,False,True,False,True,False,False,True,False,False,True,False,False,True,False,False,False,False,True,True,False,False,False,False,True,False,False,True,False,False,True
215,215,2018-01-02,Southampton,Crystal Palace,1,2,A,False,True,False,False,False,True,False,True,False,False,False,True,False,False,True,False,True,False,False,False,True,False,True,False,True,False,False,True,False,False
216,216,2018-01-02,Swansea City,Tottenham Hotspur,0,2,A,True,False,False,False,False,True,False,True,False,False,False,True,False,False,True,True,False,False,True,False,False,False,False,True,True,False,False,True,False,False
217,217,2018-01-02,West Ham United,West Bromwich Albion,2,1,H,False,True,False,False,False,True,True,False,False,False,True,False,True,False,False,False,True,False,False,True,False,False,False,True,False,False,True,False,True,False
218,218,2018-01-03,Arsenal,Chelsea,2,2,D,False,True,False,True,False,False,False,True,False,True,False,False,False,True,False,True,False,False,True,False,False,False,True,False,True,False,False,True,False,False
219,219,2018-01-04,Tottenham Hotspur,West Ham United,1,1,D,True,False,False,True,False,False,True,False,False,False,False,True,True,False,False,True,False,False,False,True,False,False,False,True,True,False,False,False,True,False
220,220,2018-01-13,Chelsea,Leicester City,0,0,D,False,True,False,True,False,False,True,False,False,False,True,False,True,False,False,True,False,False,False,False,True,False,False,True,False,True,False,False,False,True
221,221,2018-01-13,Crystal Palace,Burnley,1,0,H,True,False,False,False,True,False,False,False,True,False,True,False,True,False,False,False,False,True,False,True,False,False,True,False,False,False,True,False,True,False
222,222,2018-01-13,Huddersfield Town,West Ham United,1,4,A,False,False,True,False,True,False,False,True,False,False,True,False,True,False,False,False,True,False,True,False,False,False,True,False,False,False,True,True,False,False
223,223,2018-01-13,Newcastle United,Swansea City,1,1,D,True,False,False,False,True,False,False,False,True,True,False,False,False,False,True,False,False,True,True,False,False,False,False,True,False,True,False,False,False,True
224,224,2018-01-13,Tottenham Hotspur,Everton,4,0,H,False,True,False,True,False,False,True,False,False,True,False,False,False,False,True,False,False,True,False,False,True,False,True,False,False,True,False,True,False,False
225,225,2018-01-13,Watford,Southampton,2,2,D,False,False,True,False,False,True,True,False,False,False,False,True,False,False,True,False,False,True,False,True,False,False,False,True,False,True,False,False,False,True
226,226,2018-01-13,West Bromwich Albion,Brighton & Hove Albion,2,0,H,False,False,True,False,True,False,False,True,False,False,False,True,False,False,True,False,True,False,False,True,False,False,False,True,True,False,False,False,True,False
227,227,2018-01-14,Bournemouth,Arsenal,2,1,H,False,True,False,True,False,False,False,True,False,False,False,True,False,False,True,False,True,False,False,True,False,True,False,False,False,True,False,True,False,False
228,228,2018-01-14,Liverpool,Manchester City,4,3,H,True,False,False,True,False,False,True,False,False,False,True,False,True,False,False,True,False,False,False,True,False,True,False,False,True,False,False,True,False,False
229,229,2018-01-15,Manchester United,Stoke City,3,0,H,True,False,False,False,True,False,False,True,False,False,True,False,True,False,False,False,False,True,False,False,True,False,True,False,True,False,False,False,False,True
230,230,2018-01-20,Arsenal,Crystal Palace,4,1,H,False,False,True,False,True,False,False,True,False,True,False,False,False,True,False,True,False,False,True,False,False,False,True,False,False,False,True,False,True,False
231,231,2018-01-20,Brighton & Hove Albion,Chelsea,0,4,A,False,False,True,False,True,False,False,True,False,False,False,True,True,False,False,False,True,False,False,True,False,True,False,False,True,False,False,False,True,False
232,232,2018-01-20,Burnley,Manchester United,0,1,A,False,False,True,False,False,True,False,True,False,False,True,False,False,False,True,True,False,False,True,False,False,False,True,False,False,True,False,False,True,False
233,233,2018-01-20,Everton,West Bromwich Albion,1,1,D,False,False,True,False,False,True,False,False,True,False,True,False,False,True,False,True,False,False,False,False,True,False,True,False,False,True,False,False,False,True
234,234,2018-01-20,Leicester City,Watford,2,0,H,False,True,False,True,False,False,False,False,True,False,False,True,False,True,False,False,True,False,False,False,True,False,False,True,True,False,False,False,False,True
235,235,2018-01-20,Manchester City,Newcastle United,3,1,H,False,False,True,True,False,False,False,True,False,True,False,False,True,False,False,False,True,False,True,False,False,False,True,False,False,False,True,True,False,False
236,236,2018-01-20,Stoke City,Huddersfield Town,2,0,H,False,False,True,False,False,True,False,False,True,False,True,False,True,False,False,False,False,True,False,False,True,False,True,False,False,True,False,False,True,False
237,237,2018-01-20,West Ham United,Bournemouth,1,1,D,True,False,False,False,True,False,True,False,False,False,True,False,False,False,True,True,False,False,False,True,False,True,False,False,False,True,False,False,False,True
238,238,2018-01-21,Southampton,Tottenham Hotspur,1,1,D,False,True,False,False,False,True,False,True,False,False,False,True,False,True,False,True,False,False,False,True,False,True,False,False,True,False,False,True,False,False
239,239,2018-01-22,Swansea City,Liverpool,1,0,H,False,True,False,False,False,True,True,False,False,False,False,True,False,True,False,True,False,False,True,False,False,True,False,False,True,False,False,False,True,False
240,240,2018-01-30,Huddersfield Town,Liverpool,0,3,A,False,False,True,False,False,True,False,False,True,False,True,False,False,True,False,False,False,True,True,False,False,True,False,False,True,False,False,True,False,False
241,241,2018-01-30,Swansea City,Arsenal,3,1,H,True,False,False,False,True,False,False,False,True,True,False,False,False,False,True,True,False,False,False,False,True,False,True,False,False,True,False,True,False,False
242,242,2018-01-30,West Ham United,Crystal Palace,1,1,D,False,True,False,True,False,False,False,True,False,True,False,False,False,True,False,False,False,True,True,False,False,True,False,False,False,True,False,False,False,True
243,243,2018-01-31,Chelsea,Bournemouth,0,3,A,True,False,False,False,True,False,False,True,False,True,False,False,True,False,False,False,True,False,True,False,False,False,True,False,True,False,False,False,True,False
244,244,2018-01-31,Everton,Leicester City,2,1,H,False,True,False,False,False,True,False,False,True,False,False,True,False,True,False,True,False,False,False,True,False,True,False,False,False,False,True,False,False,True
245,245,2018-01-31,Manchester City,West Bromwich Albion,3,0,H,True,False,False,False,False,True,True,False,False,False,True,False,True,False,False,False,True,False,True,False,False,False,False,True,False,True,False,False,True,False
246,246,2018-01-31,Newcastle United,Burnley,1,1,D,False,False,True,False,True,False,True,False,False,False,True,False,False,False,True,False,False,True,False,False,True,False,False,True,False,True,False,False,True,False
247,247,2018-01-31,Southampton,Brighton & Hove Albion,1,1,D,False,True,False,False,True,False,False,False,True,False,True,False,False,False,True,False,False,True,False,False,True,False,True,False,False,True,False,False,False,True
248,248,2018-01-31,Stoke City,Watford,0,0,D,True,False,False,False,False,True,False,False,True,False,False,True,False,True,False,False,False,True,False,True,False,False,False,True,False,False,True,True,False,False
249,249,2018-01-31,Tottenham Hotspur,Manchester United,2,0,H,False,True,False,True,False,False,False,True,False,True,False,False,True,False,False,True,False,False,True,False,False,True,False,False,False,True,False,False,True,False
250,250,2018-02-03,Arsenal,Everton,5,1,H,False,False,True,True,False,False,False,False,True,False,True,False,False,True,False,True,False,False,False,True,False,False,False,True,False,False,True,False,False,True
251,251,2018-02-03,Bournemouth,Stoke City,2,1,H,True,False,False,False,True,False,True,False,False,False,True,False,True,False,False,False,True,False,True,False,False,False,False,True,False,False,True,False,False,True
252,252,2018-02-03,Brighton & Hove Albion,West Ham United,3,1,H,False,True,False,False,False,True,False,False,True,False,True,False,False,True,False,False,True,False,False,True,False,True,False,False,False,True,False,True,False,False
253,253,2018-02-03,Burnley,Manchester City,1,1,D,False,True,False,False,False,True,False,False,True,False,False,True,False,True,False,True,False,False,True,False,False,False,False,True,True,False,False,False,True,False
254,254,2018-02-03,Leicester City,Swansea City,1,1,D,False,False,True,True,False,False,False,True,False,True,False,False,False,False,True,True,False,False,True,False,False,False,True,False,False,False,True,True,False,False
255,255,2018-02-03,Manchester United,Huddersfield Town,2,0,H,False,False,True,True,False,False,True,False,False,True,False,False,False,True,False,False,False,True,False,False,True,False,False,True,False,False,True,False,True,False
256,256,2018-02-03,West Bromwich Albion,Southampton,2,3,A,False,False,True,False,True,False,True,False,False,False,False,True,False,True,False,False,True,False,False,True,False,False,True,False,False,False,True,False,True,False
257,257,2018-02-04,Crystal Palace,Newcastle United,1,1,D,False,True,False,False,False,True,True,False,False,True,False,False,False,True,False,False,True,False,False,False,True,False,True,False,True,False,False,False,True,False
258,258,2018-02-04,Liverpool,Tottenham Hotspur,2,2,D,True,False,False,False,False,True,True,False,False,True,False,False,True,False,False,True,False,False,False,True,False,True,False,False,False,True,False,True,False,False
259,259,2018-02-05,Watford,Chelsea,4,1,H,False,True,False,False,False,True,False,True,False,False,False,True,False,False,True,False,False,True,True,False,False,False,True,False,False,True,False,True,False,False
260,260,2018-02-10,Everton,Crystal Palace,3,1,H,False,False,True,True,False,False,False,True,False,False,False,True,False,False,True,False,True,False,False,True,False,False,False,True,True,False,False,True,False,False
261,261,2018-02-10,Manchester City,Leicester City,5,1,H,False,True,False,True,False,False,True,False,False,False,False,True,True,False,False,False,True,False,False,False,True,True,False,False,False,True,False,True,False,False
262,262,2018-02-10,Stoke City,Brighton & Hove Albion,1,1,D,False,False,True,False,True,False,True,False,False,False,False,True,False,False,True,True,False,False,False,True,False,False,False,True,False,False,True,False,True,False
263,263,2018-02-10,Swansea City,Burnley,1,0,H,False,True,False,True,False,False,True,False,False,False,True,False,False,False,True,False,True,False,False,True,False,False,False,True,False,False,True,False,False,True
264,264,2018-02-10,Tottenham Hotspur,Arsenal,1,0,H,False,True,False,True,False,False,False,True,False,True,False,False,False,True,False,True,False,False,False,False,True,True,False,False,False,False,True,False,True,False
265,265,2018-02-10,West Ham United,Watford,2,0,H,False,False,True,False,True,False,False,True,False,True,False,False,False,True,False,True,False,False,False,True,False,False,False,True,False,True,False,False,False,True
266,266,2018-02-11,Huddersfield Town,Bournemouth,4,1,H,False,False,True,False,False,True,False,False,True,False,False,True,False,False,True,True,False,False,True,False,False,False,True,False,True,False,False,False,True,False
267,267,2018-02-11,Newcastle United,Manchester United,1,0,H,False,True,False,False,True,False,False,False,True,False,True,False,True,False,False,True,False,False,False,False,True,True,False,False,True,False,False,True,False,False
268,268,2018-02-11,Southampton,Liverpool,0,2,A,True,False,False,False,True,False,False,True,False,False,True,False,False,False,True,False,True,False,True,False,False,False,False,True,True,False,False,True,False,False
269,269,2018-02-12,Chelsea,West Bromwich Albion,3,0,H,False,False,True,False,False,True,True,False,False,False,True,False,False,True,False,False,False,True,False,False,True,False,True,False,True,False,False,False,False,True
270,270,2018-02-24,Bournemouth,Newcastle United,2,2,D,False,False,True,True,False,False,True,False,False,False,True,False,True,False,False,True,False,False,False,True,False,False,True,False,False,False,True,False,True,False
271,271,2018-02-24,Brighton & Hove Albion,Swansea City,4,1,H,False,True,False,True,False,False,False,True,False,False,False,True,False,False,True,True,False,False,False,True,False,True,False,False,True,False,False,False,True,False
272,272,2018-02-24,Burnley,Southampton,1,1,D,False,False,True,False,True,False,False,True,False,False,False,True,False,False,True,False,False,True,True,False,False,False,True,False,False,True,False,False,True,False
273,273,2018-02-24,Leicester City,Stoke City,1,1,D,False,False,True,False,True,False,False,False,True,True,False,False,False,True,False,False,True,False,False,False,True,False,True,False,True,False,False,False,False,True
274,274,2018-02-24,Liverpool,West Ham United,4,1,H,True,False,False,False,True,False,True,False,False,False,False,True,True,False,False,True,False,False,False,False,True,False,True,False,False,True,False,True,False,False
275,275,2018-02-24,Watford,Everton,1,0,H,False,False,True,True,False,False,False,True,False,False,False,True,False,True,False,True,False,False,False,False,True,True,False,False,False,True,False,False,False,True
276,276,2018-02-24,West Bromwich Albion,Huddersfield Town,1,2,A,False,False,True,False,False,True,False,False,True,False,True,False,True,False,False,True,False,False,False,False,True,False,False,True,False,False,True,False,False,True
277,277,2018-02-25,Crystal Palace,Tottenham Hotspur,0,1,A,False,False,True,False,True,False,False,True,False,False,False,True,True,False,False,True,False,False,False,True,False,True,False,False,False,True,False,True,False,False
278,278,2018-02-25,Manchester United,Chelsea,2,1,H,False,False,True,True,False,False,False,False,True,True,False,False,True,False,False,True,False,False,False,False,True,False,False,True,True,False,False,False,True,False
279,279,2018-03-01,Arsenal,Manchester City,0,3,A,False,False,True,True,False,False,False,False,True,True,False,False,False,False,True,True,False,False,False,True,False,True,False,False,True,False,False,False,False,True
280,280,2018-03-03,Burnley,Everton,2,1,H,False,True,False,False,False,True,False,True,False,False,True,False,False,False,True,False,False,True,True,False,False,False,False,True,True,False,False,False,True,False
281,281,2018-03-03,Leicester City,Bournemouth,1,1,D,False,True,False,False,False,True,False,True,False,False,False,True,True,False,False,False,True,False,False,False,True,True,False,False,True,False,False,False,True,False
282,282,2018-03-03,Liverpool,Newcastle United,2,0,H,True,False,False,True,False,False,False,True,False,True,False,False,False,False,True,False,True,False,True,False,False,False,True,False,False,True,False,False,False,True
283,283,2018-03-03,Southampton,Stoke City,0,0,D,False,True,False,False,False,True,True,False,False,False,True,False,False,True,False,False,True,False,False,True,False,False,False,True,False,True,False,True,False,False
284,284,2018-03-03,Swansea City,West Ham United,4,1,H,False,False,True,True,False,False,False,True,False,True,False,False,True,False,False,False,False,True,True,False,False,False,False,True,False,True,False,False,True,False
285,285,2018-03-03,Tottenham Hotspur,Huddersfield Town,2,0,H,True,False,False,True,False,False,False,True,False,True,False,False,False,True,False,True,False,False,True,False,False,False,False,True,False,False,True,False,False,True
286,286,2018-03-03,Watford,West Bromwich Albion,1,0,H,True,False,False,False,False,True,True,False,False,False,True,False,False,False,True,False,False,True,False,False,True,False,False,True,False,False,True,False,True,False
287,287,2018-03-04,Brighton & Hove Albion,Arsenal,2,1,H,True,False,False,False,True,False,True,False,False,False,True,False,False,False,True,False,False,True,False,False,True,True,False,False,False,False,True,True,False,False
288,288,2018-03-04,Manchester City,Chelsea,1,0,H,True,False,False,True,False,False,False,True,False,True,False,False,True,False,False,False,False,True,True,False,False,False,False,True,False,False,True,True,False,False
289,289,2018-03-05,Crystal Palace,Manchester United,2,3,A,False,False,True,False,False,True,False,True,False,False,True,False,False,False,True,True,False,False,False,False,True,True,False,False,False,False,True,True,False,False
290,290,2018-03-10,Chelsea,Crystal Palace,2,1,H,False,False,True,False,False,True,True,False,False,False,False,True,False,False,True,False,False,True,False,False,True,False,False,True,False,True,False,False,True,False
291,291,2018-03-10,Everton,Brighton & Hove Albion,2,0,H,False,False,True,False,False,True,True,False,False,False,False,True,True,False,False,True,False,False,True,False,False,False,True,False,True,False,False,False,True,False
292,292,2018-03-10,Huddersfield Town,Swansea City,0,0,D,False,False,True,True,False,False,True,False,False,False,False,True,False,False,True,True,False,False,False,False,True,True,False,False,False,True,False,True,False,False
293,293,2018-03-10,Manchester United,Liverpool,2,1,H,True,False,False,True,False,False,False,False,True,True,False,False,False,False,True,True,False,False,True,False,False,True,False,False,False,True,False,True,False,False
294,294,2018-03-10,Newcastle United,Southampton,3,0,H,False,False,True,False,True,False,True,False,False,False,True,False,False,True,False,False,True,False,False,True,False,False,False,True,True,False,False,False,True,False
295,295,2018-03-10,West Bromwich Albion,Leicester City,1,4,A,False,False,True,False,False,True,False,False,True,False,False,True,False,False,True,False,True,False,False,True,False,False,False,True,False,True,False,False,False,True
296,296,2018-03-10,West Ham United,Burnley,0,3,A,False,False,True,False,False,True,True,False,False,False,False,True,False,True,False,True,False,False,False,True,False,False,False,True,False,True,False,False,True,False
297,297,2018-03-11,Arsenal,Watford,3,0,H,False,False,True,False,False,True,False,False,True,True,False,False,False,False,True,True,False,False,True,False,False,False,False,True,True,False,False,False,True,False
298,298,2018-03-11,Bournemouth,Tottenham Hotspur,1,4,A,False,True,False,False,True,False,False,False,True,True,False,False,True,False,False,True,False,False,True,False,False,True,False,False,False,True,False,True,False,False
299,299,2018-03-12,Stoke City,Manchester City,0,2,A,False,True,False,False,True,False,False,True,False,False,False,True,False,True,False,True,False,False,True,False,False,True,False,False,False,True,False,True,False,False
300,300,2018-03-17,Bournemouth,West Bromwich Albion,2,1,H,False,False,True,False,True,False,False,True,False,False,False,True,True,False,False,False,False,True,False,False,True,False,False,True,False,False,True,False,False,True
301,301,2018-03-17,Huddersfield Town,Crystal Palace,0,2,A,False,True,False,False,False,True,True,False,False,True,False,False,False,False,True,False,False,True,False,False,True,False,False,True,False,False,True,False,True,False
302,302,2018-03-17,Liverpool,Watford,5,0,H,False,False,True,True,False,False,True,False,False,True,False,False,False,True,False,False,False,True,True,False,False,True,False,False,False,False,True,True,False,False
303,303,2018-03-17,Stoke City,Everton,1,2,A,False,False,True,False,True,False,False,True,False,False,True,False,False,False,True,True,False,False,False,False,True,False,False,True,True,False,False,False,False,True
304,304,2018-03-31,Brighton & Hove Albion,Leicester City,0,2,A,False,False,True,True,False,False,True,False,False,False,True,False,True,False,False,True,False,False,False,True,False,False,True,False,False,False,True,False,True,False
305,305,2018-03-31,Crystal Palace,Liverpool,1,2,A,True,False,False,False,False,True,False,False,True,False,False,True,False,False,True,True,False,False,False,False,True,True,False,False,True,False,False,True,False,False
306,306,2018-03-31,Everton,Manchester City,1,3,A,True,False,False,True,False,False,False,False,True,False,False,True,True,False,False,True,False,False,True,False,False,True,False,False,True,False,False,False,True,False
307,307,2018-03-31,Manchester United,Swansea City,2,0,H,True,False,False,True,False,False,True,False,False,False,False,True,True,False,False,False,True,False,True,False,False,False,False,True,True,False,False,False,True,False
308,308,2018-03-31,Newcastle United,Huddersfield Town,1,0,H,True,False,False,False,False,True,False,True,False,True,False,False,False,True,False,False,False,True,False,True,False,False,False,True,True,False,False,True,False,False
309,309,2018-03-31,Watford,Bournemouth,2,2,D,False,False,True,False,False,True,True,False,False,True,False,False,False,False,True,True,False,False,False,False,True,False,True,False,False,True,False,False,False,True
310,310,2018-03-31,West Bromwich Albion,Burnley,1,2,A,False,False,True,False,False,True,False,False,True,False,False,True,False,False,True,True,False,False,True,False,False,False,True,False,False,False,True,False,True,False
311,311,2018-03-31,West Ham United,Southampton,3,0,H,False,False,True,False,False,True,False,False,True,True,False,False,False,False,True,False,False,True,False,True,False,False,True,False,False,False,True,True,False,False
312,312,2018-04-01,Arsenal,Stoke City,3,0,H,True,False,False,False,False,True,False,False,True,False,False,True,True,False,False,False,False,True,False,False,True,False,True,False,False,True,False,False,True,False
313,313,2018-04-01,Chelsea,Tottenham Hotspur,1,3,A,True,False,False,False,False,True,False,False,True,True,False,False,False,False,True,True,False,False,True,False,False,True,False,False,True,False,False,False,True,False
314,314,2018-04-07,Bournemouth,Crystal Palace,2,2,D,False,True,False,True,False,False,False,False,True,False,True,False,False,True,False,False,False,True,True,False,False,False,False,True,False,False,True,False,False,True
315,315,2018-04-07,Brighton & Hove Albion,Huddersfield Town,1,1,D,False,False,True,False,False,True,True,False,False,True,False,False,False,True,False,False,False,True,False,False,True,False,True,False,False,False,True,True,False,False
316,316,2018-04-07,Everton,Liverpool,0,0,D,False,False,True,True,False,False,True,False,False,False,False,True,False,False,True,True,False,False,True,False,False,False,False,True,True,False,False,True,False,False
317,317,2018-04-07,Leicester City,Newcastle United,1,2,A,True,False,False,True,False,False,False,True,False,False,True,False,False,False,True,True,False,False,True,False,False,False,False,True,False,True,False,True,False,False
318,318,2018-04-07,Manchester City,Manchester United,2,3,A,True,False,False,True,False,False,True,False,False,True,False,False,True,False,False,True,False,False,True,False,False,True,False,False,True,False,False,False,False,True
319,319,2018-04-07,Stoke City,Tottenham Hotspur,1,2,A,False,False,True,False,False,True,False,False,True,False,True,False,False,True,False,True,False,False,True,False,False,True,False,False,True,False,False,True,False,False
320,320,2018-04-07,Watford,Burnley,1,2,A,False,True,False,False,False,True,False,False,True,True,False,False,True,False,False,True,False,False,True,False,False,True,False,False,False,True,False,False,False,True
321,321,2018-04-07,West Bromwich Albion,Swansea City,1,1,D,False,False,True,False,False,True,False,False,True,False,False,True,False,False,True,False,False,True,False,True,False,True,False,False,False,False,True,True,False,False
322,322,2018-04-08,Arsenal,Southampton,3,2,H,True,False,False,True,False,False,False,False,True,False,False,True,False,False,True,False,False,True,False,False,True,False,True,False,False,True,False,False,False,True
323,323,2018-04-08,Chelsea,West Ham United,1,1,D,False,False,True,True,False,False,False,False,True,False,False,True,True,False,False,True,False,False,False,False,True,False,False,True,False,False,True,True,False,False
324,324,2018-04-14,Burnley,Leicester City,2,1,H,True,False,False,True,False,False,True,False,False,True,False,False,False,True,False,False,False,True,True,False,False,True,False,False,False,True,False,False,True,False
325,325,2018-04-14,Crystal Palace,Brighton & Hove Albion,3,2,H,False,True,False,False,False,True,True,False,False,False,False,True,False,False,True,False,True,False,False,False,True,False,False,True,True,False,False,True,False,False
326,326,2018-04-14,Huddersfield Town,Watford,1,0,H,False,True,False,False,False,True,False,False,True,False,True,False,False,False,True,False,False,True,False,True,False,False,False,True,False,False,True,True,False,False
327,327,2018-04-14,Liverpool,Bournemouth,3,0,H,False,True,False,True,False,False,True,False,False,False,False,True,True,False,False,False,True,False,False,True,False,True,False,False,False,False,True,False,True,False
328,328,2018-04-14,Southampton,Chelsea,2,3,A,False,False,True,False,False,True,False,False,True,False,True,False,False,True,False,False,True,False,False,False,True,True,False,False,False,False,True,False,False,True
329,329,2018-04-14,Swansea City,Everton,1,1,D,False,True,False,False,False,True,False,True,False,True,False,False,False,False,True,False,True,False,False,False,True,True,False,False,True,False,False,False,False,True
330,330,2018-04-14,Tottenham Hotspur,Manchester City,1,3,A,True,False,False,True,False,False,True,False,False,True,False,False,True,False,False,False,False,True,True,False,False,True,False,False,True,False,False,True,False,False
331,331,2018-04-15,Manchester United,West Bromwich Albion,0,1,A,True,False,False,True,False,False,True,False,False,True,False,False,True,False,False,False,True,False,False,False,True,False,False,True,False,False,True,False,False,True
332,332,2018-04-15,Newcastle United,Arsenal,2,1,H,True,False,False,True,False,False,True,False,False,False,False,True,False,True,False,True,False,False,True,False,False,True,False,False,False,False,True,False,False,True
333,333,2018-04-16,West Ham United,Stoke City,1,1,D,False,True,False,True,False,False,False,False,True,False,False,True,False,False,True,False,False,True,False,False,True,False,False,True,False,False,True,False,True,False
334,334,2018-04-17,Brighton & Hove Albion,Tottenham Hotspur,1,1,D,False,False,True,False,True,False,False,False,True,False,False,True,True,False,False,False,False,True,True,False,False,True,False,False,True,False,False,True,False,False
335,335,2018-04-18,Bournemouth,Manchester United,0,2,A,False,False,True,False,True,False,False,True,False,True,False,False,False,False,True,False,False,True,True,False,False,True,False,False,True,False,False,True,False,False
336,336,2018-04-19,Burnley,Chelsea,1,2,A,True,False,False,True,False,False,True,False,False,True,False,False,True,False,False,True,False,False,False,True,False,False,False,True,True,False,False,False,False,True
337,337,2018-04-19,Leicester City,Southampton,0,0,D,False,False,True,False,False,True,True,False,False,True,False,False,False,True,False,False,False,True,False,False,True,False,False,True,False,False,True,False,True,False
338,338,2018-04-21,Watford,Crystal Palace,0,0,D,False,False,True,False,False,True,False,True,False,False,False,True,False,False,True,True,False,False,False,True,False,False,False,True,True,False,False,False,False,True
339,339,2018-04-21,West Bromwich Albion,Liverpool,2,2,D,True,False,False,False,True,False,False,False,True,False,False,True,False,False,True,True,False,False,False,True,False,True,False,False,True,False,False,False,False,True
340,340,2018-04-22,Arsenal,West Ham United,4,1,H,False,False,True,True,False,False,True,False,False,True,False,False,False,False,True,False,True,False,False,True,False,True,False,False,False,False,True,False,False,True
341,341,2018-04-22,Manchester City,Swansea City,5,0,H,True,False,False,False,False,True,True,False,False,True,False,False,True,False,False,False,True,False,False,True,False,False,False,True,False,True,False,True,False,False
342,342,2018-04-22,Stoke City,Burnley,1,1,D,False,True,False,False,False,True,False,False,True,False,False,True,False,False,True,False,False,True,True,False,False,True,False,False,True,False,False,True,False,False
343,343,2018-04-23,Everton,Newcastle United,1,0,H,False,True,False,False,True,False,False,False,True,True,False,False,True,False,False,True,False,False,True,False,False,True,False,False,True,False,False,False,False,True
344,344,2018-04-28,Burnley,Brighton & Hove Albion,0,0,D,False,True,False,False,False,True,True,False,False,True,False,False,True,False,False,False,True,False,False,False,True,False,True,False,False,False,True,False,False,True
345,345,2018-04-28,Crystal Palace,Leicester City,5,0,H,False,True,False,True,False,False,False,True,False,False,False,True,True,False,False,False,True,False,False,False,True,False,False,True,True,False,False,True,False,False
346,346,2018-04-28,Huddersfield Town,Everton,0,2,A,True,False,False,False,True,False,False,False,True,False,False,True,False,True,False,True,False,False,False,True,False,False,True,False,False,False,True,True,False,False
347,347,2018-04-28,Liverpool,Stoke City,0,0,D,False,True,False,True,False,False,False,True,False,True,False,False,True,False,False,False,True,False,False,True,False,False,False,True,False,False,True,False,False,True
348,348,2018-04-28,Newcastle United,West Bromwich Albion,0,1,A,False,False,True,True,False,False,True,False,False,True,False,False,True,False,False,False,True,False,True,False,False,False,True,False,False,False,True,False,False,True
349,349,2018-04-28,Southampton,Bournemouth,2,1,H,False,True,False,False,False,True,False,False,True,False,False,True,False,False,True,False,False,True,False,False,True,False,True,False,False,True,False,True,False,False
350,350,2018-04-28,Swansea City,Chelsea,0,1,A,False,False,True,False,True,False,False,True,False,False,False,True,False,True,False,True,False,False,True,False,False,False,True,False,False,False,True,True,False,False
351,351,2018-04-29,Manchester United,Arsenal,2,1,H,True,False,False,False,False,True,True,False,False,True,False,False,True,False,False,True,False,False,False,False,True,True,False,False,True,False,False,True,False,False
352,352,2018-04-29,West Ham United,Manchester City,1,4,A,False,False,True,False,True,False,False,True,False,True,False,False,False,False,True,True,False,False,True,False,False,False,False,True,True,False,False,True,False,False
353,353,2018-04-30,Tottenham Hotspur,Watford,2,0,H,False,True,False,False,False,True,True,False,False,True,False,False,True,False,False,False,True,False,False,False,True,False,False,True,False,True,False,False,False,True
354,354,2018-05-04,Brighton & Hove Albion,Manchester United,1,0,H,False,True,False,False,True,False,False,False,True,False,True,False,False,False,True,True,False,False,True,False,False,False,False,True,True,False,False,True,False,False
355,355,2018-05-05,Bournemouth,Swansea City,1,0,H,False,False,True,False,False,True,False,False,True,False,True,False,False,True,False,False,False,True,False,False,True,False,True,False,False,True,False,False,False,True
356,356,2018-05-05,Everton,Southampton,1,1,D,True,False,False,True,False,False,False,True,False,False,True,False,False,False,True,True,False,False,False,True,False,False,False,True,False,False,True,False,False,True
357,357,2018-05-05,Leicester City,West Ham United,0,2,A,False,False,True,False,True,False,False,False,True,False,False,True,True,False,False,False,False,True,False,False,True,False,True,False,False,True,False,True,False,False
358,358,2018-05-05,Stoke City,Crystal Palace,1,2,A,False,True,False,False,True,False,False,True,False,False,False,True,False,False,True,True,False,False,False,True,False,True,False,False,False,True,False,False,False,True
359,359,2018-05-05,Watford,Newcastle United,2,1,H,False,False,True,False,True,False,False,False,True,False,False,True,False,True,False,False,False,True,False,False,True,True,False,False,True,False,False,True,False,False
360,360,2018-05-05,West Bromwich Albion,Tottenham Hotspur,1,0,H,True,False,False,False,True,False,True,False,False,False,True,False,False,False,True,True,False,False,False,True,False,False,False,True,True,False,False,True,False,False
361,361,2018-05-06,Arsenal,Burnley,5,0,H,False,False,True,True,False,False,False,False,True,True,False,False,True,False,False,False,True,False,False,True,False,False,False,True,True,False,False,True,False,False
362,362,2018-05-06,Chelsea,Liverpool,1,0,H,True,False,False,True,False,False,True,False,False,False,True,False,False,False,True,False,True,False,False,True,False,True,False,False,False,True,False,True,False,False
363,363,2018-05-06,Manchester City,Huddersfield Town,0,0,D,True,False,False,True,False,False,True,False,False,False,False,True,True,False,False,False,False,True,True,False,False,False,True,False,False,False,True,False,False,True
364,364,2018-05-08,Swansea City,Southampton,0,1,A,False,False,True,False,False,True,False,False,True,False,True,False,False,True,False,False,True,False,True,False,False,False,True,False,False,False,True,False,False,True
365,365,2018-05-09,Chelsea,Huddersfield Town,1,1,D,True,False,False,True,False,False,True,False,False,True,False,False,False,True,False,False,True,False,False,False,True,True,False,False,False,True,False,False,False,True
366,366,2018-05-09,Leicester City,Arsenal,3,1,H,False,False,True,False,False,True,False,True,False,False,False,True,False,False,True,True,False,False,False,False,True,True,False,False,False,False,True,True,False,False
367,367,2018-05-09,Manchester City,Brighton & Hove Albion,3,1,H,False,True,False,True,False,False,True,False,False,True,False,False,False,False,True,True,False,False,False,True,False,False,True,False,False,False,True,False,True,False
368,368,2018-05-09,Tottenham Hotspur,Newcastle United,1,0,H,False,False,True,True,False,False,False,True,False,False,False,True,True,False,False,False,False,True,False,False,True,False,False,True,True,False,False,True,False,False
369,369,2018-05-10,West Ham United,Manchester United,0,0,D,True,False,False,False,False,True,False,False,True,False,True,False,False,True,False,False,False,True,True,False,False,True,False,False,False,False,True,True,False,False
370,370,2018-05-13,Burnley,Bournemouth,1,2,A,False,False,True,False,True,False,False,True,False,False,False,True,True,False,False,True,False,False,False,False,True,False,False,True,False,False,True,False,True,False
371,371,2018-05-13,Crystal Palace,West Bromwich Albion,2,0,H,True,False,False,True,False,False,False,True,False,True,False,False,False,True,False,True,False,False,True,False,False,False,True,False,True,False,False,False,True,False
372,372,2018-05-13,Huddersfield Town,Arsenal,0,1,A,False,True,False,False,True,False,False,False,True,True,False,False,False,True,False,False,False,True,True,False,False,False,False,True,True,False,False,False,False,True
373,373,2018-05-13,Liverpool,Brighton & Hove Albion,4,0,H,False,False,True,False,True,False,False,True,False,True,False,False,False,True,False,False,False,True,True,False,False,False,True,False,False,True,False,False,False,True
374,374,2018-05-13,Manchester United,Watford,1,0,H,False,True,False,False,False,True,True,False,False,True,False,False,False,False,True,True,False,False,False,False,True,False,True,False,False,False,True,False,False,True
375,375,2018-05-13,Newcastle United,Chelsea,3,0,H,False,False,True,False,False,True,False,False,True,False,False,True,True,False,False,False,True,False,True,False,False,True,False,False,True,False,False,True,False,False
376,376,2018-05-13,Southampton,Manchester City,0,1,A,True,False,False,False,True,False,True,False,False,False,True,False,False,False,True,True,False,False,False,True,False,True,False,False,True,False,False,True,False,False
377,377,2018-05-13,Swansea City,Stoke City,1,2,A,False,False,True,False,False,True,False,False,True,False,False,True,False,True,False,False,False,True,False,True,False,False,True,False,False,True,False,False,False,True
378,378,2018-05-13,Tottenham Hotspur,Leicester City,5,4,H,True,False,False,False,False,True,True,False,False,False,True,False,False,False,True,True,False,False,False,False,True,False,False,True,False,True,False,False,False,True
379,379,2018-05-13,West Ham United,Everton,3,1,H,False,True,False,True,False,False,False,False,True,False,False,True,False,True,False,False,True,False,True,False,False,True,False,False,False,True,False,False,True,False
